,prompt_type,count
0,raw,0.9979166666666667
1,adapted,0.9981770833333333
