,agentType,ci_upper,ci_lower,value_count,mean
0,Salesforce/blip2-opt-2.7b,0.2391304347826087,0.04411764705882353,1.0,0.16470588235294117
1,llava-hf/llava-1.5-7b-hf,0.18181818181818182,0.0,0.9230769230769231,0.05660377358490566
2,Salesforce/blip2-flan-t5-xl,0.1956521739130435,0.0,1.0,0.10891089108910891
3,Salesforce/blip2-flan-t5-xxl,0.0,0.0,0.9230769230769231,0.02586206896551724
4,GPT-4V,0.5122473867595811,0.18181818181818182,1.0,0.3392857142857143
5,Human/Math-2-1,0.8607946651847735,0.6147773918534891,0.9230769230769231,0.7321953010279001
6,Human/Math-3,0.8992690726359068,0.6588447058015494,0.9230769230769231,0.7713306079388105
