,agentType,ci_upper,ci_lower,value_count,mean
0,Salesforce/blip2-opt-2.7b,0.3,0.24800000000000003,0.9609375,0.27645
1,llava-hf/llava-1.5-7b-hf,0.3888888888888889,0.325,0.9036458333333334,0.3409333333333333
2,Salesforce/blip2-flan-t5-xl,0.3,0.24933333333333335,1.0,0.2838
3,Salesforce/blip2-flan-t5-xxl,0.32698333333333335,0.285,0.9817708333333334,0.29827
4,GPT-4V,0.09890499999999998,0.08266666666666668,0.8958333333333334,0.08888888888888889
5,Human/Math-2-1,0.0533333333333333,0.039999999999999994,1.0,0.04833333333333333
6,Human/Math-3,0.04775,0.024680000000000007,1.0,0.03661944444444445
