,agentType,ci_upper,ci_lower,value_count,mean
0,Salesforce/blip2-opt-2.7b,0.3931666666666666,0.21238786519578132,0.9622641509433962,0.29772727272727273
1,llava-hf/llava-1.5-7b-hf,0.47191011235955055,0.27405247813411077,1.0,0.37924528301886795
2,Salesforce/blip2-flan-t5-xl,0.3917205660253464,0.20059880239520958,1.0,0.3058823529411765
3,Salesforce/blip2-flan-t5-xxl,0.4096395258453167,0.20805112575169837,0.9811320754716981,0.2974559686888454
4,GPT-4V,0.7548769577007508,0.557689393939394,0.9811320754716981,0.6204238921001927
5,Human/Math-2-1,0.7619275863445784,0.6756557013983112,1.0,0.7152772005652065
6,Human/Math-3,0.7803941690787789,0.6965862422600467,1.0,0.7406556006687366
