,prompt_type,count
0,raw,0.9538461538461539
1,adapted,0.9923076923076923
