,prompt_type,count
0,raw,0.9885416666666667
1,adapted,0.9994791666666667
