,prompt_type,count
0,raw,0.9877604166666667
1,adapted,0.99453125
